-- phpMyAdmin SQL Dump
-- version 5.2.1
-- https://www.phpmyadmin.net/
--
-- Host: 127.0.0.1
-- Gegenereerd op: 25 apr 2025 om 17:46
-- Serverversie: 10.4.32-MariaDB
-- PHP-versie: 8.2.12

SET SQL_MODE = "NO_AUTO_VALUE_ON_ZERO";
START TRANSACTION;
SET time_zone = "+00:00";


/*!40101 SET @OLD_CHARACTER_SET_CLIENT=@@CHARACTER_SET_CLIENT */;
/*!40101 SET @OLD_CHARACTER_SET_RESULTS=@@CHARACTER_SET_RESULTS */;
/*!40101 SET @OLD_COLLATION_CONNECTION=@@COLLATION_CONNECTION */;
/*!40101 SET NAMES utf8mb4 */;

--
-- Database: `idscan`
--

-- --------------------------------------------------------

--
-- Tabelstructuur voor tabel `buildings`
--

CREATE TABLE `buildings` (
  `id` bigint(20) UNSIGNED NOT NULL,
  `buildingname` varchar(255) NOT NULL,
  `street` varchar(255) NOT NULL,
  `buildingnumber` varchar(255) NOT NULL,
  `created_at` timestamp NULL DEFAULT NULL,
  `updated_at` timestamp NULL DEFAULT NULL
) ENGINE=InnoDB DEFAULT CHARSET=utf8mb4 COLLATE=utf8mb4_unicode_ci;

--
-- Gegevens worden geëxporteerd voor tabel `buildings`
--

INSERT INTO `buildings` (`id`, `buildingname`, `street`, `buildingnumber`, `created_at`, `updated_at`) VALUES
(1, 'Sport Markt & Zn', 'Janssenring', '6w', '2022-12-23 09:31:09', '2022-12-23 09:31:09'),
(2, 'Mode Expert VOF', 'de Langeweg', '52-50', '2022-12-23 09:31:09', '2022-12-23 09:31:09'),
(3, 'Broeken Huis', 'van Dijkstraat', '16-33', '2022-12-23 09:31:09', '2022-12-23 09:31:09'),
(4, 'Fotohuis', 'Autarsingel', '1-o', '2022-12-23 09:31:09', '2022-12-23 09:31:09'),
(5, 'Dieren Concurrent', 'Kokdreef', '75', '2022-12-23 09:31:09', '2022-12-23 09:31:09'),
(6, 'buildingname', 'street', 'buildingnumber', '0000-00-00 00:00:00', '0000-00-00 00:00:00');

-- --------------------------------------------------------

--
-- Tabelstructuur voor tabel `persons`
--

CREATE TABLE `persons` (
  `id` bigint(20) UNSIGNED NOT NULL,
  `title` varchar(255) NOT NULL,
  `firstname` varchar(255) NOT NULL,
  `lastname` varchar(255) NOT NULL,
  `email` varchar(255) NOT NULL,
  `jobtitle` varchar(255) NOT NULL,
  `created_at` timestamp NULL DEFAULT NULL,
  `updated_at` timestamp NULL DEFAULT NULL
) ENGINE=InnoDB DEFAULT CHARSET=utf8mb4 COLLATE=utf8mb4_unicode_ci;

--
-- Gegevens worden geëxporteerd voor tabel `persons`
--

INSERT INTO `persons` (`id`, `title`, `firstname`, `lastname`, `email`, `jobtitle`, `created_at`, `updated_at`) VALUES
(1, 'mevr.', 'Liam', 'Polat', 'l.polat@superduper-markets.com', 'verkoopassistent', '2022-12-23 09:31:09', '2022-12-23 09:31:09'),
(2, 'dhr.', 'Ian', 'van der Horst', 'i.vanderhorst@superduper-markets.com', 'magazijnmedewerker', '2022-12-23 09:31:09', '2022-12-23 09:31:09'),
(3, 'mevr.', 'Riley', 'Y?ksel', 'r.y?ksel@superduper-markets.com', 'medewerker administratie', '2022-12-23 09:31:09', '2022-12-23 09:31:09'),
(4, 'dhr.', 'Mads', 'Aslan', 'm.aslan@superduper-markets.com', 'verkoopassistent', '2022-12-23 09:31:09', '2022-12-23 09:31:09'),
(5, 'dhr.', 'Lindsey', 'van Dommelen', 'l.vandommelen@superduper-markets.com', 'projectleider', '2022-12-23 09:31:09', '2022-12-23 09:31:09'),
(6, 'mevr.', 'Kai', 'de Lange', 'k.delange@superduper-markets.com', 'medewerker administratie', '2022-12-23 09:31:09', '2022-12-23 09:31:09'),
(7, 'mevr.', 'Johanna', 'Kort', 'j.kort@superduper-markets.com', 'verkoopassistent', '2022-12-23 09:31:09', '2022-12-23 09:31:09'),
(8, 'prof.', 'Fenna', 'Verbeek', 'f.verbeek@superduper-markets.com', 'magazijnmedewerker', '2022-12-23 09:31:09', '2022-12-23 09:31:09'),
(9, 'dr.', 'Elise', 'van der Velden', 'e.vandervelden@superduper-markets.com', 'kassamedewerker', '2022-12-23 09:31:09', '2022-12-23 09:31:09'),
(10, 'dr.', 'Nikki', 'Korkmaz', 'n.korkmaz@superduper-markets.com', 'kassamedewerker', '2022-12-23 09:31:09', '2022-12-23 09:31:09'),
(11, 'dr.', 'Faas', 'Evers', 'f.evers@superduper-markets.com', 'medewerker administratie', '2022-12-23 09:31:09', '2022-12-23 09:31:09'),
(12, 'mevr.', 'Jolie', 'Le', 'j.le@superduper-markets.com', 'medewerker communicatie', '2022-12-23 09:31:09', '2022-12-23 09:31:09'),
(13, 'dhr.', 'Thomas', 'Hoekstra', 't.hoekstra@superduper-markets.com', 'magazijnmedewerker', '2022-12-23 09:31:09', '2022-12-23 09:31:09'),
(14, 'dhr.', 'Sofie', 'Cornelissen', 's.cornelissen@superduper-markets.com', 'medewerker M&O', '2022-12-23 09:31:09', '2022-12-23 09:31:09'),
(15, 'dhr.', 'Lisanne', 'Farah', 'l.farah@superduper-markets.com', 'medewerker administratie', '2022-12-23 09:31:09', '2022-12-23 09:31:09'),
(16, 'mevr.', 'Wouter', 'Sital', 'w.sital@superduper-markets.com', 'medewerker M&O', '2022-12-23 09:31:09', '2022-12-23 09:31:09'),
(17, 'prof.', 'Matthijs', 'Persijn', 'm.persijn@superduper-markets.com', 'medewerker administratie', '2022-12-23 09:31:09', '2022-12-23 09:31:09'),
(18, 'mr.', 'Rafael', 'Bosman', 'r.bosman@superduper-markets.com', 'medewerker administratie', '2022-12-23 09:31:09', '2022-12-23 09:31:09'),
(19, 'mevr.', 'Anna', 'Kramer', 'a.kramer@superduper-markets.com', 'medewerker administratie', '2022-12-23 09:31:09', '2022-12-23 09:31:09'),
(20, 'mevr.', 'Pepijn', 'Koning Knol', 'p.koningknol@superduper-markets.com', 'projectleider', '2022-12-23 09:31:09', '2022-12-23 09:31:09'),
(21, 'ds.', 'Luke', 'Driessen', 'l.driessen@superduper-markets.com', 'medewerker administratie', '2022-12-23 09:31:09', '2022-12-23 09:31:09'),
(22, 'mevr.', 'Mats', 'Spaan', 'm.spaan@superduper-markets.com', 'magazijnmedewerker', '2022-12-23 09:31:09', '2022-12-23 09:31:09'),
(23, 'prof.', 'Sophie', 'Lijn', 's.lijn@superduper-markets.com', 'medewerker administratie', '2022-12-23 09:31:09', '2022-12-23 09:31:09'),
(24, 'drs.', 'Ben', 'Osterhoudt', 'b.osterhoudt@superduper-markets.com', 'supervisor', '2022-12-23 09:31:09', '2022-12-23 09:31:09'),
(25, 'dhr.', 'Kyano', 'Gnodde', 'k.gnodde@superduper-markets.com', 'verkoopassistent', '2022-12-23 09:31:09', '2022-12-23 09:31:09'),
(26, 'dhr.', 'Ruben', 'Visser', 'r.visser@superduper-markets.com', 'medewerker administratie', '2022-12-23 09:31:09', '2022-12-23 09:31:09'),
(27, 'prof.', 'Levi', 'van Dongen', 'l.vandongen@superduper-markets.com', 'medewerker administratie', '2022-12-23 09:31:09', '2022-12-23 09:31:09'),
(28, 'mevr.', 'Jip', 'Geneart', 'j.geneart@superduper-markets.com', 'medewerker administratie', '2022-12-23 09:31:09', '2022-12-23 09:31:09'),
(29, 'drs.', 'Lot', 'Vos', 'l.vos@superduper-markets.com', 'supervisor', '2022-12-23 09:31:09', '2022-12-23 09:31:09'),
(30, 'dr.', 'Sofie', 'Meyer', 's.meyer@superduper-markets.com', 'medewerker M&O', '2022-12-23 09:31:09', '2022-12-23 09:31:09'),
(31, 'mevr.', 'Thom', 'van de Veen', 't.vandeveen@superduper-markets.com', 'magazijnmedewerker', '2022-12-23 09:31:09', '2022-12-23 09:31:09'),
(32, 'mevr.', 'Amir', 'Bernaards', 'a.bernaards@superduper-markets.com', 'verkoopassistent', '2022-12-23 09:31:09', '2022-12-23 09:31:09'),
(33, 'drs.', 'Janne', 'Geertsen', 'j.geertsen@superduper-markets.com', 'kassamedewerker', '2022-12-23 09:31:09', '2022-12-23 09:31:09'),
(34, 'dhr.', 'Sienna', 'Henriquez', 's.henriquez@superduper-markets.com', 'verkoopassistent', '2022-12-23 09:31:09', '2022-12-23 09:31:09'),
(35, 'drs.', 'Maurits', 'Boer', 'm.boer@superduper-markets.com', 'medewerker administratie', '2022-12-23 09:31:09', '2022-12-23 09:31:09'),
(36, 'mevr.', 'Ibrahim', 'van der Wal', 'i.vanderwal@superduper-markets.com', 'medewerker salarisadministratie', '2022-12-23 09:31:09', '2022-12-23 09:31:09'),
(37, 'mevr.', 'Bradley', 'van der Meer', 'b.vandermeer@superduper-markets.com', 'kwaliteitsmanager', '2022-12-23 09:31:09', '2022-12-23 09:31:09'),
(38, 'dhr.', 'Nienke', 'de Haan', 'n.dehaan@superduper-markets.com', 'medewerker communicatie', '2022-12-23 09:31:09', '2022-12-23 09:31:09'),
(39, 'mevr.', 'Aya', 'van de Berg', 'a.vandeberg@superduper-markets.com', 'medewerker administratie', '2022-12-23 09:31:09', '2022-12-23 09:31:09'),
(40, 'dr.', 'Luna', 'Maas', 'l.maas@superduper-markets.com', 'medewerker administratie', '2022-12-23 09:31:09', '2022-12-23 09:31:09'),
(41, 'dhr.', 'Bram', 'van den Eerenbeemt', 'b.vandeneerenbeemt@superduper-markets.com', 'supervisor', '2022-12-23 09:31:09', '2022-12-23 09:31:09'),
(42, 'ing.', 'Ella', 'K?se', 'e.k?se@superduper-markets.com', 'verkoopadviseur', '2022-12-23 09:31:09', '2022-12-23 09:31:09'),
(43, 'ir.', 'Emily', 'Maas', 'e.maas@superduper-markets.com', 'medewerker administratie', '2022-12-23 09:31:09', '2022-12-23 09:31:09'),
(44, 'dr.', 'Evy', 'Evers', 'e.evers@superduper-markets.com', 'projectleider', '2022-12-23 09:31:09', '2022-12-23 09:31:09'),
(45, 'mevr.', 'Nynke', 'Mohamed', 'n.mohamed@superduper-markets.com', 'verkoopassistent', '2022-12-23 09:31:09', '2022-12-23 09:31:09'),
(46, 'ds.', 'Mia', 'Meijer', 'm.meijer@superduper-markets.com', 'magazijnmedewerker', '2022-12-23 09:31:09', '2022-12-23 09:31:09'),
(47, 'mevr.', 'Catharina', 'de Pruyssenaere de la Woestijne', 'c.depruyssenaeredelawoestijne@superduper-markets.com', 'medewerker administratie', '2022-12-23 09:31:09', '2022-12-23 09:31:09'),
(48, 'prof.', 'Noortje', 'van de Velde', 'n.vandevelde@superduper-markets.com', 'medewerker communicatie', '2022-12-23 09:31:09', '2022-12-23 09:31:09'),
(49, 'drs.', 'Juul', 'Ramcharan', 'j.ramcharan@superduper-markets.com', 'verkoopadviseur', '2022-12-23 09:31:09', '2022-12-23 09:31:09'),
(50, 'dr.', 'Catharina', 'Zu?rius Boxhorn van Miggrode', 'c.zu?riusboxhornvanmiggrode@superduper-markets.com', 'kassamedewerker', '2022-12-23 09:31:09', '2022-12-23 09:31:09'),
(51, 'title', 'firstname', 'lastname', 'email', 'jobtitle', '0000-00-00 00:00:00', '0000-00-00 00:00:00'),
(52, 'mevr.', 'Thijmen', 'Simsek', 't.simsek@superduper-markets.com', 'medewerker administratie', '2022-12-23 09:31:09', '2022-12-23 09:31:09'),
(53, 'dhr.', 'Damian', 'The Elder', 'd.theelder@superduper-markets.com', 'medewerker administratie', '2022-12-23 09:31:09', '2022-12-23 09:31:09'),
(54, 'ds.', 'Gerrit', 'Smit', 'g.smit@superduper-markets.com', 'kwaliteitsmanager', '2022-12-23 09:31:09', '2022-12-23 09:31:09'),
(55, 'ing.', 'Bastiaan', 'van de Berg', 'b.vandeberg@superduper-markets.com', 'kassamedewerker', '2022-12-23 09:31:09', '2022-12-23 09:31:09'),
(56, 'dhr.', 'Adriana', 'Elsenaar', 'a.elsenaar@superduper-markets.com', 'medewerker communicatie', '2022-12-23 09:31:09', '2022-12-23 09:31:09'),
(57, 'dhr.', 'Maud', 'Pons', 'm.pons@superduper-markets.com', 'supervisor', '2022-12-23 09:31:09', '2022-12-23 09:31:09'),
(58, 'mevr.', 'Ecrin', 'Martens', 'e.martens@superduper-markets.com', 'verkoopadviseur', '2022-12-23 09:31:09', '2022-12-23 09:31:09'),
(59, 'dhr.', 'Faas', 'Hendriks', 'f.hendriks@superduper-markets.com', 'medewerker administratie', '2022-12-23 09:31:09', '2022-12-23 09:31:09'),
(60, 'drs.', 'Mark', 'Smeets', 'm.smeets@superduper-markets.com', 'verkoopassistent', '2022-12-23 09:31:09', '2022-12-23 09:31:09'),
(61, 'dr.', 'Isabel', 'van de Velde', 'i.vandevelde@superduper-markets.com', 'medewerker administratie', '2022-12-23 09:31:09', '2022-12-23 09:31:09'),
(62, 'ing.', 'Oscar', 'Rijks', 'o.rijks@superduper-markets.com', 'verkoopassistent', '2022-12-23 09:31:09', '2022-12-23 09:31:09'),
(63, 'drs.', 'Tijmen', 'Adriaensdr', 't.adriaensdr@superduper-markets.com', 'medewerker communicatie', '2022-12-23 09:31:09', '2022-12-23 09:31:09'),
(64, 'mevr.', 'Guus', 'Vroeg in de Wei', 'g.vroegindewei@superduper-markets.com', 'medewerker administratie', '2022-12-23 09:31:09', '2022-12-23 09:31:09'),
(65, 'drs.', 'Tara', 'Grinwis Plaat Stuitjes', 't.grinwisplaatstuitjes@superduper-markets.com', 'kwaliteitsmanager', '2022-12-23 09:31:09', '2022-12-23 09:31:09'),
(66, 'dhr.', 'Annemijn', 'van Leeuwen', 'a.vanleeuwen@superduper-markets.com', 'verkoopassistent', '2022-12-23 09:31:09', '2022-12-23 09:31:09'),
(67, 'dr.', 'Fem', 'Kruns', 'f.kruns@superduper-markets.com', 'medewerker M&O', '2022-12-23 09:31:09', '2022-12-23 09:31:09'),
(68, 'prof.', 'Job', 'Vos', 'j.vos@superduper-markets.com', 'medewerker M&O', '2022-12-23 09:31:09', '2022-12-23 09:31:09'),
(69, 'drs.', 'Jasmijn', 'Blom', 'j.blom@superduper-markets.com', 'verkoopassistent', '2022-12-23 09:31:09', '2022-12-23 09:31:09');

-- --------------------------------------------------------

--
-- Tabelstructuur voor tabel `scans`
--

CREATE TABLE `scans` (
  `id` bigint(20) UNSIGNED NOT NULL,
  `person_id` bigint(20) UNSIGNED NOT NULL,
  `building_id` bigint(20) UNSIGNED NOT NULL,
  `scandate` date NOT NULL,
  `scantime` time NOT NULL,
  `in_out` varchar(255) NOT NULL,
  `created_at` timestamp NULL DEFAULT NULL,
  `updated_at` timestamp NULL DEFAULT NULL
) ENGINE=InnoDB DEFAULT CHARSET=utf8mb4 COLLATE=utf8mb4_unicode_ci;

--
-- Gegevens worden geëxporteerd voor tabel `scans`
--

INSERT INTO `scans` (`id`, `person_id`, `building_id`, `scandate`, `scantime`, `in_out`, `created_at`, `updated_at`) VALUES
(1, 35, 1, '2022-12-03', '10:11:44', 'in', '2022-12-23 09:31:09', '2022-12-23 09:31:09'),
(2, 35, 1, '2022-12-03', '20:32:36', 'out', '2022-12-23 09:31:09', '2022-12-23 09:31:09'),
(3, 49, 3, '2022-12-03', '09:54:08', 'in', '2022-12-23 09:31:09', '2022-12-23 09:31:09'),
(4, 49, 3, '2022-12-03', '18:20:42', 'out', '2022-12-23 09:31:09', '2022-12-23 09:31:09'),
(5, 34, 3, '2022-12-03', '10:54:45', 'in', '2022-12-23 09:31:09', '2022-12-23 09:31:09'),
(6, 9, 1, '2022-12-03', '08:08:03', 'in', '2022-12-23 09:31:09', '2022-12-23 09:31:09'),
(7, 58, 4, '2022-12-03', '06:11:54', 'in', '2022-12-23 09:31:09', '2022-12-23 09:31:09'),
(8, 58, 4, '2022-12-03', '19:33:05', 'out', '2022-12-23 09:31:09', '2022-12-23 09:31:09'),
(9, 22, 3, '2022-12-03', '08:10:28', 'in', '2022-12-23 09:31:09', '2022-12-23 09:31:09'),
(10, 52, 1, '2022-12-03', '07:13:03', 'in', '2022-12-23 09:31:09', '2022-12-23 09:31:09'),
(11, 52, 1, '2022-12-03', '20:06:42', 'out', '2022-12-23 09:31:09', '2022-12-23 09:31:09'),
(12, 24, 2, '2022-12-03', '07:37:11', 'in', '2022-12-23 09:31:09', '2022-12-23 09:31:09'),
(13, 24, 2, '2022-12-03', '20:20:03', 'out', '2022-12-23 09:31:09', '2022-12-23 09:31:09'),
(14, 36, 4, '2022-12-03', '07:36:51', 'in', '2022-12-23 09:31:09', '2022-12-23 09:31:09'),
(15, 36, 4, '2022-12-03', '18:56:30', 'out', '2022-12-23 09:31:09', '2022-12-23 09:31:09'),
(16, 4, 1, '2022-12-03', '08:43:20', 'in', '2022-12-23 09:31:09', '2022-12-23 09:31:09'),
(17, 4, 1, '2022-12-03', '19:35:16', 'out', '2022-12-23 09:31:09', '2022-12-23 09:31:09'),
(20, 40, 5, '2022-12-03', '09:02:48', 'in', '2022-12-23 09:31:09', '2022-12-23 09:31:09'),
(21, 40, 5, '2022-12-03', '20:55:33', 'out', '2022-12-23 09:31:09', '2022-12-23 09:31:09'),
(22, 38, 5, '2022-12-03', '10:08:44', 'in', '2022-12-23 09:31:09', '2022-12-23 09:31:09'),
(23, 55, 3, '2022-12-03', '10:17:39', 'in', '2022-12-23 09:31:09', '2022-12-23 09:31:09'),
(24, 29, 3, '2022-12-03', '08:23:06', 'in', '2022-12-23 09:31:09', '2022-12-23 09:31:09'),
(25, 29, 3, '2022-12-03', '19:13:35', 'out', '2022-12-23 09:31:09', '2022-12-23 09:31:09'),
(26, 27, 5, '2022-12-03', '07:49:49', 'in', '2022-12-23 09:31:09', '2022-12-23 09:31:09'),
(27, 2, 4, '2022-12-03', '07:33:35', 'in', '2022-12-23 09:31:09', '2022-12-23 09:31:09'),
(28, 2, 4, '2022-12-03', '15:40:12', 'out', '2022-12-23 09:31:09', '2022-12-23 09:31:09'),
(29, 8, 5, '2022-12-03', '07:23:27', 'in', '2022-12-23 09:31:09', '2022-12-23 09:31:09'),
(30, 8, 5, '2022-12-03', '20:53:46', 'out', '2022-12-23 09:31:09', '2022-12-23 09:31:09'),
(31, 48, 2, '2022-12-03', '06:11:15', 'in', '2022-12-23 09:31:09', '2022-12-23 09:31:09'),
(32, 48, 2, '2022-12-03', '16:19:44', 'out', '2022-12-23 09:31:09', '2022-12-23 09:31:09'),
(33, 23, 3, '2022-12-03', '06:48:44', 'in', '2022-12-23 09:31:09', '2022-12-23 09:31:09'),
(34, 23, 3, '2022-12-03', '18:26:53', 'out', '2022-12-23 09:31:09', '2022-12-23 09:31:09'),
(35, 3, 5, '2022-12-03', '07:54:09', 'in', '2022-12-23 09:31:09', '2022-12-23 09:31:09'),
(36, 3, 5, '2022-12-03', '20:58:50', 'out', '2022-12-23 09:31:09', '2022-12-23 09:31:09'),
(37, 50, 1, '2022-12-03', '06:27:25', 'in', '2022-12-23 09:31:09', '2022-12-23 09:31:09'),
(38, 50, 1, '2022-12-03', '17:37:12', 'out', '2022-12-23 09:31:09', '2022-12-23 09:31:09'),
(39, 67, 4, '2022-12-03', '06:45:16', 'in', '2022-12-23 09:31:09', '2022-12-23 09:31:09'),
(40, 67, 4, '2022-12-03', '18:36:51', 'out', '2022-12-23 09:31:09', '2022-12-23 09:31:09'),
(41, 57, 4, '2022-12-03', '09:44:29', 'in', '2022-12-23 09:31:09', '2022-12-23 09:31:09'),
(42, 5, 5, '2022-12-03', '07:30:03', 'in', '2022-12-23 09:31:09', '2022-12-23 09:31:09'),
(43, 5, 5, '2022-12-03', '15:12:55', 'out', '2022-12-23 09:31:09', '2022-12-23 09:31:09'),
(44, 56, 5, '2022-12-03', '06:05:28', 'in', '2022-12-23 09:31:09', '2022-12-23 09:31:09'),
(45, 56, 5, '2022-12-03', '19:51:06', 'out', '2022-12-23 09:31:09', '2022-12-23 09:31:09'),
(46, 54, 2, '2022-12-03', '07:59:07', 'in', '2022-12-23 09:31:09', '2022-12-23 09:31:09'),
(47, 54, 2, '2022-12-03', '15:56:06', 'out', '2022-12-23 09:31:09', '2022-12-23 09:31:09'),
(48, 18, 1, '2022-12-03', '09:38:59', 'in', '2022-12-23 09:31:09', '2022-12-23 09:31:09'),
(49, 18, 1, '2022-12-03', '15:30:42', 'out', '2022-12-23 09:31:09', '2022-12-23 09:31:09'),
(50, 1, 1, '2022-12-03', '08:10:32', 'in', '2022-12-23 09:31:09', '2022-12-23 09:31:09'),
(51, 1, 1, '2022-12-03', '15:21:16', 'out', '2022-12-23 09:31:09', '2022-12-23 09:31:09'),
(52, 10, 1, '2022-12-03', '10:08:29', 'in', '2022-12-23 09:31:09', '2022-12-23 09:31:09'),
(53, 10, 1, '2022-12-03', '19:33:25', 'out', '2022-12-23 09:31:09', '2022-12-23 09:31:09'),
(54, 6, 3, '2022-12-03', '07:38:20', 'in', '2022-12-23 09:31:09', '2022-12-23 09:31:09'),
(55, 6, 3, '2022-12-03', '18:39:36', 'out', '2022-12-23 09:31:09', '2022-12-23 09:31:09'),
(58, 44, 1, '2022-12-03', '09:57:22', 'in', '2022-12-23 09:31:09', '2022-12-23 09:31:09'),
(61, 32, 3, '2022-12-03', '08:03:57', 'in', '2022-12-23 09:31:09', '2022-12-23 09:31:09'),
(62, 32, 3, '2022-12-03', '15:33:19', 'out', '2022-12-23 09:31:09', '2022-12-23 09:31:09'),
(65, 13, 2, '2022-12-03', '06:02:02', 'in', '2022-12-23 09:31:09', '2022-12-23 09:31:09'),
(66, 13, 2, '2022-12-03', '19:24:56', 'out', '2022-12-23 09:31:09', '2022-12-23 09:31:09'),
(67, 47, 5, '2022-12-03', '07:01:20', 'in', '2022-12-23 09:31:09', '2022-12-23 09:31:09'),
(68, 47, 5, '2022-12-03', '20:29:08', 'out', '2022-12-23 09:31:09', '2022-12-23 09:31:09'),
(69, 60, 5, '2022-12-03', '06:54:44', 'in', '2022-12-23 09:31:09', '2022-12-23 09:31:09'),
(70, 60, 5, '2022-12-03', '18:28:44', 'out', '2022-12-23 09:31:09', '2022-12-23 09:31:09'),
(71, 12, 5, '2022-12-03', '08:22:12', 'in', '2022-12-23 09:31:09', '2022-12-23 09:31:09'),
(72, 12, 5, '2022-12-03', '19:47:51', 'out', '2022-12-23 09:31:09', '2022-12-23 09:31:09'),
(73, 37, 5, '2022-12-03', '08:34:21', 'in', '2022-12-23 09:31:09', '2022-12-23 09:31:09'),
(74, 65, 1, '2022-12-03', '09:12:24', 'in', '2022-12-23 09:31:09', '2022-12-23 09:31:09'),
(75, 65, 1, '2022-12-03', '19:52:39', 'out', '2022-12-23 09:31:09', '2022-12-23 09:31:09'),
(76, 59, 1, '2022-12-03', '07:20:19', 'in', '2022-12-23 09:31:09', '2022-12-23 09:31:09'),
(77, 59, 1, '2022-12-03', '15:36:21', 'out', '2022-12-23 09:31:09', '2022-12-23 09:31:09'),
(78, 30, 4, '2022-12-03', '07:10:34', 'in', '2022-12-23 09:31:09', '2022-12-23 09:31:09'),
(79, 30, 4, '2022-12-03', '16:38:36', 'out', '2022-12-23 09:31:09', '2022-12-23 09:31:09'),
(82, 69, 3, '2022-12-03', '10:37:34', 'in', '2022-12-23 09:31:09', '2022-12-23 09:31:09'),
(83, 69, 3, '2022-12-03', '16:34:35', 'out', '2022-12-23 09:31:09', '2022-12-23 09:31:09'),
(84, 42, 5, '2022-12-03', '06:22:45', 'in', '2022-12-23 09:31:09', '2022-12-23 09:31:09'),
(87, 14, 5, '2022-12-03', '07:14:19', 'in', '2022-12-23 09:31:09', '2022-12-23 09:31:09'),
(88, 68, 2, '2022-12-03', '06:06:37', 'in', '2022-12-23 09:31:09', '2022-12-23 09:31:09'),
(89, 68, 2, '2022-12-03', '18:51:36', 'out', '2022-12-23 09:31:09', '2022-12-23 09:31:09'),
(90, 7, 1, '2022-12-03', '10:22:06', 'in', '2022-12-23 09:31:09', '2022-12-23 09:31:09'),
(91, 7, 1, '2022-12-03', '20:45:33', 'out', '2022-12-23 09:31:09', '2022-12-23 09:31:09'),
(92, 51, 5, '2022-12-03', '07:14:48', 'in', '2022-12-23 09:31:09', '2022-12-23 09:31:09'),
(93, 51, 5, '2022-12-03', '17:11:39', 'out', '2022-12-23 09:31:09', '2022-12-23 09:31:09'),
(94, 66, 2, '2022-12-03', '10:05:11', 'in', '2022-12-23 09:31:09', '2022-12-23 09:31:09'),
(95, 66, 2, '2022-12-03', '20:05:56', 'out', '2022-12-23 09:31:09', '2022-12-23 09:31:09'),
(96, 20, 2, '2022-12-03', '10:35:27', 'in', '2022-12-23 09:31:09', '2022-12-23 09:31:09'),
(97, 62, 4, '2022-12-03', '09:02:35', 'in', '2022-12-23 09:31:09', '2022-12-23 09:31:09'),
(98, 62, 4, '2022-12-03', '17:32:55', 'out', '2022-12-23 09:31:09', '2022-12-23 09:31:09'),
(99, 26, 1, '2022-12-03', '06:25:22', 'in', '2022-12-23 09:31:09', '2022-12-23 09:31:09'),
(100, 45, 5, '2022-12-03', '10:20:18', 'in', '2022-12-23 09:31:09', '2022-12-23 09:31:09'),
(101, 63, 5, '2022-12-03', '10:32:39', 'in', '2022-12-23 09:31:09', '2022-12-23 09:31:09'),
(102, 63, 5, '2022-12-03', '15:50:06', 'out', '2022-12-23 09:31:09', '2022-12-23 09:31:09'),
(103, 11, 2, '2022-12-03', '07:56:51', 'in', '2022-12-23 09:31:09', '2022-12-23 09:31:09'),
(104, 11, 2, '2022-12-03', '20:01:04', 'out', '2022-12-23 09:31:09', '2022-12-23 09:31:09'),
(105, 39, 5, '2022-12-03', '08:39:36', 'in', '2022-12-23 09:31:09', '2022-12-23 09:31:09'),
(106, 39, 5, '2022-12-03', '16:26:10', 'out', '2022-12-23 09:31:09', '2022-12-23 09:31:09'),
(107, 61, 3, '2022-12-03', '10:39:37', 'in', '2022-12-23 09:31:09', '2022-12-23 09:31:09'),
(108, 61, 3, '2022-12-03', '16:21:27', 'out', '2022-12-23 09:31:09', '2022-12-23 09:31:09'),
(111, 19, 5, '2022-12-03', '10:59:13', 'in', '2022-12-23 09:31:09', '2022-12-23 09:31:09'),
(112, 19, 5, '2022-12-03', '16:35:33', 'out', '2022-12-23 09:31:09', '2022-12-23 09:31:09'),
(113, 64, 4, '2022-12-03', '10:26:30', 'in', '2022-12-23 09:31:09', '2022-12-23 09:31:09'),
(114, 21, 3, '2022-12-03', '08:22:46', 'in', '2022-12-23 09:31:09', '2022-12-23 09:31:09'),
(115, 21, 3, '2022-12-03', '18:01:17', 'out', '2022-12-23 09:31:09', '2022-12-23 09:31:09'),
(118, 17, 4, '2022-12-03', '07:43:30', 'in', '2022-12-23 09:31:09', '2022-12-23 09:31:09'),
(119, 17, 4, '2022-12-03', '16:30:03', 'out', '2022-12-23 09:31:09', '2022-12-23 09:31:09'),
(122, 41, 3, '2022-12-03', '10:19:46', 'in', '2022-12-23 09:31:09', '2022-12-23 09:31:09'),
(123, 41, 3, '2022-12-03', '17:45:19', 'out', '2022-12-23 09:31:09', '2022-12-23 09:31:09'),
(124, 28, 5, '2022-12-03', '07:41:20', 'in', '2022-12-23 09:31:09', '2022-12-23 09:31:09'),
(125, 28, 5, '2022-12-03', '15:20:12', 'out', '2022-12-23 09:31:09', '2022-12-23 09:31:09'),
(126, 35, 2, '2022-12-04', '08:15:28', 'in', '2022-12-23 09:31:09', '2022-12-23 09:31:09'),
(127, 35, 2, '2022-12-04', '17:16:45', 'out', '2022-12-23 09:31:09', '2022-12-23 09:31:09'),
(128, 49, 4, '2022-12-04', '07:57:19', 'in', '2022-12-23 09:31:09', '2022-12-23 09:31:09'),
(129, 49, 4, '2022-12-04', '17:04:19', 'out', '2022-12-23 09:31:09', '2022-12-23 09:31:09'),
(130, 34, 4, '2022-12-04', '08:17:02', 'in', '2022-12-23 09:31:09', '2022-12-23 09:31:09'),
(131, 34, 4, '2022-12-04', '18:39:22', 'out', '2022-12-23 09:31:09', '2022-12-23 09:31:09'),
(132, 9, 1, '2022-12-04', '09:54:27', 'in', '2022-12-23 09:31:09', '2022-12-23 09:31:09'),
(133, 9, 1, '2022-12-04', '16:41:01', 'out', '2022-12-23 09:31:09', '2022-12-23 09:31:09'),
(134, 58, 4, '2022-12-04', '08:59:56', 'in', '2022-12-23 09:31:09', '2022-12-23 09:31:09'),
(135, 58, 4, '2022-12-04', '15:14:45', 'out', '2022-12-23 09:31:09', '2022-12-23 09:31:09'),
(136, 22, 2, '2022-12-04', '10:53:10', 'in', '2022-12-23 09:31:09', '2022-12-23 09:31:09'),
(137, 22, 2, '2022-12-04', '15:45:08', 'out', '2022-12-23 09:31:09', '2022-12-23 09:31:09'),
(138, 52, 4, '2022-12-04', '09:14:05', 'in', '2022-12-23 09:31:09', '2022-12-23 09:31:09'),
(139, 52, 4, '2022-12-04', '17:47:21', 'out', '2022-12-23 09:31:09', '2022-12-23 09:31:09'),
(140, 24, 3, '2022-12-04', '06:35:34', 'in', '2022-12-23 09:31:09', '2022-12-23 09:31:09'),
(141, 24, 3, '2022-12-04', '16:32:58', 'out', '2022-12-23 09:31:09', '2022-12-23 09:31:09'),
(142, 36, 3, '2022-12-04', '07:16:20', 'in', '2022-12-23 09:31:09', '2022-12-23 09:31:09'),
(143, 36, 3, '2022-12-04', '19:42:25', 'out', '2022-12-23 09:31:09', '2022-12-23 09:31:09'),
(144, 4, 2, '2022-12-04', '10:22:52', 'in', '2022-12-23 09:31:09', '2022-12-23 09:31:09'),
(145, 4, 2, '2022-12-04', '19:21:14', 'out', '2022-12-23 09:31:09', '2022-12-23 09:31:09'),
(148, 40, 5, '2022-12-04', '08:40:22', 'in', '2022-12-23 09:31:09', '2022-12-23 09:31:09'),
(149, 40, 5, '2022-12-04', '17:46:00', 'out', '2022-12-23 09:31:09', '2022-12-23 09:31:09'),
(150, 38, 2, '2022-12-04', '09:38:11', 'in', '2022-12-23 09:31:09', '2022-12-23 09:31:09'),
(151, 38, 2, '2022-12-04', '20:28:15', 'out', '2022-12-23 09:31:09', '2022-12-23 09:31:09'),
(152, 55, 3, '2022-12-04', '09:52:08', 'in', '2022-12-23 09:31:09', '2022-12-23 09:31:09'),
(153, 55, 3, '2022-12-04', '15:50:08', 'out', '2022-12-23 09:31:09', '2022-12-23 09:31:09'),
(154, 29, 4, '2022-12-04', '06:10:36', 'in', '2022-12-23 09:31:09', '2022-12-23 09:31:09'),
(155, 29, 4, '2022-12-04', '17:21:57', 'out', '2022-12-23 09:31:09', '2022-12-23 09:31:09'),
(156, 27, 3, '2022-12-04', '09:04:57', 'in', '2022-12-23 09:31:09', '2022-12-23 09:31:09'),
(157, 27, 3, '2022-12-04', '17:35:23', 'out', '2022-12-23 09:31:09', '2022-12-23 09:31:09'),
(158, 2, 4, '2022-12-04', '07:40:01', 'in', '2022-12-23 09:31:09', '2022-12-23 09:31:09'),
(159, 8, 4, '2022-12-04', '09:44:13', 'in', '2022-12-23 09:31:09', '2022-12-23 09:31:09'),
(160, 8, 4, '2022-12-04', '18:50:19', 'out', '2022-12-23 09:31:09', '2022-12-23 09:31:09'),
(161, 48, 3, '2022-12-04', '08:36:43', 'in', '2022-12-23 09:31:09', '2022-12-23 09:31:09'),
(162, 23, 2, '2022-12-04', '06:16:31', 'in', '2022-12-23 09:31:09', '2022-12-23 09:31:09'),
(163, 23, 2, '2022-12-04', '19:50:27', 'out', '2022-12-23 09:31:09', '2022-12-23 09:31:09'),
(164, 3, 4, '2022-12-04', '06:21:26', 'in', '2022-12-23 09:31:09', '2022-12-23 09:31:09'),
(165, 3, 4, '2022-12-04', '16:14:18', 'out', '2022-12-23 09:31:09', '2022-12-23 09:31:09'),
(166, 50, 3, '2022-12-04', '08:53:06', 'in', '2022-12-23 09:31:09', '2022-12-23 09:31:09'),
(167, 50, 3, '2022-12-04', '20:25:09', 'out', '2022-12-23 09:31:09', '2022-12-23 09:31:09'),
(168, 67, 4, '2022-12-04', '09:34:06', 'in', '2022-12-23 09:31:09', '2022-12-23 09:31:09'),
(169, 67, 4, '2022-12-04', '20:58:32', 'out', '2022-12-23 09:31:09', '2022-12-23 09:31:09'),
(170, 57, 3, '2022-12-04', '06:39:13', 'in', '2022-12-23 09:31:09', '2022-12-23 09:31:09'),
(171, 5, 1, '2022-12-04', '08:13:37', 'in', '2022-12-23 09:31:09', '2022-12-23 09:31:09'),
(172, 5, 1, '2022-12-04', '18:45:28', 'out', '2022-12-23 09:31:09', '2022-12-23 09:31:09'),
(173, 56, 5, '2022-12-04', '06:02:18', 'in', '2022-12-23 09:31:09', '2022-12-23 09:31:09'),
(174, 56, 5, '2022-12-04', '16:09:29', 'out', '2022-12-23 09:31:09', '2022-12-23 09:31:09'),
(175, 54, 1, '2022-12-04', '08:24:37', 'in', '2022-12-23 09:31:09', '2022-12-23 09:31:09'),
(176, 54, 1, '2022-12-04', '16:16:30', 'out', '2022-12-23 09:31:09', '2022-12-23 09:31:09'),
(177, 18, 4, '2022-12-04', '06:00:09', 'in', '2022-12-23 09:31:09', '2022-12-23 09:31:09'),
(178, 18, 4, '2022-12-04', '15:30:36', 'out', '2022-12-23 09:31:09', '2022-12-23 09:31:09'),
(179, 1, 5, '2022-12-04', '10:34:22', 'in', '2022-12-23 09:31:09', '2022-12-23 09:31:09'),
(180, 1, 5, '2022-12-04', '16:46:25', 'out', '2022-12-23 09:31:09', '2022-12-23 09:31:09'),
(181, 10, 2, '2022-12-04', '10:37:17', 'in', '2022-12-23 09:31:09', '2022-12-23 09:31:09'),
(182, 10, 2, '2022-12-04', '19:25:13', 'out', '2022-12-23 09:31:09', '2022-12-23 09:31:09'),
(183, 6, 1, '2022-12-04', '06:09:47', 'in', '2022-12-23 09:31:09', '2022-12-23 09:31:09'),
(184, 6, 1, '2022-12-04', '18:43:28', 'out', '2022-12-23 09:31:09', '2022-12-23 09:31:09'),
(187, 44, 2, '2022-12-04', '06:36:11', 'in', '2022-12-23 09:31:09', '2022-12-23 09:31:09'),
(188, 44, 2, '2022-12-04', '20:57:53', 'out', '2022-12-23 09:31:09', '2022-12-23 09:31:09'),
(190, 32, 1, '2022-12-04', '10:27:16', 'in', '2022-12-23 09:31:09', '2022-12-23 09:31:09'),
(191, 32, 1, '2022-12-04', '19:29:42', 'out', '2022-12-23 09:31:09', '2022-12-23 09:31:09'),
(194, 13, 2, '2022-12-04', '08:35:22', 'in', '2022-12-23 09:31:09', '2022-12-23 09:31:09'),
(195, 13, 2, '2022-12-04', '19:35:04', 'out', '2022-12-23 09:31:09', '2022-12-23 09:31:09'),
(196, 47, 3, '2022-12-04', '08:03:23', 'in', '2022-12-23 09:31:09', '2022-12-23 09:31:09'),
(197, 47, 3, '2022-12-04', '16:24:21', 'out', '2022-12-23 09:31:09', '2022-12-23 09:31:09'),
(198, 60, 2, '2022-12-04', '09:41:24', 'in', '2022-12-23 09:31:09', '2022-12-23 09:31:09'),
(199, 60, 2, '2022-12-04', '16:03:35', 'out', '2022-12-23 09:31:09', '2022-12-23 09:31:09'),
(200, 12, 5, '2022-12-04', '08:58:06', 'in', '2022-12-23 09:31:09', '2022-12-23 09:31:09'),
(201, 37, 5, '2022-12-04', '06:45:02', 'in', '2022-12-23 09:31:09', '2022-12-23 09:31:09'),
(202, 37, 5, '2022-12-04', '16:05:55', 'out', '2022-12-23 09:31:09', '2022-12-23 09:31:09'),
(203, 65, 3, '2022-12-04', '08:46:52', 'in', '2022-12-23 09:31:09', '2022-12-23 09:31:09'),
(204, 65, 3, '2022-12-04', '16:19:59', 'out', '2022-12-23 09:31:09', '2022-12-23 09:31:09'),
(205, 59, 2, '2022-12-04', '08:59:17', 'in', '2022-12-23 09:31:09', '2022-12-23 09:31:09'),
(206, 30, 2, '2022-12-04', '08:18:44', 'in', '2022-12-23 09:31:09', '2022-12-23 09:31:09'),
(207, 30, 2, '2022-12-04', '20:45:47', 'out', '2022-12-23 09:31:09', '2022-12-23 09:31:09'),
(210, 69, 1, '2022-12-04', '10:42:17', 'in', '2022-12-23 09:31:09', '2022-12-23 09:31:09'),
(211, 69, 1, '2022-12-04', '16:30:11', 'out', '2022-12-23 09:31:09', '2022-12-23 09:31:09'),
(212, 42, 5, '2022-12-04', '09:48:37', 'in', '2022-12-23 09:31:09', '2022-12-23 09:31:09'),
(213, 42, 5, '2022-12-04', '15:10:33', 'out', '2022-12-23 09:31:09', '2022-12-23 09:31:09'),
(216, 14, 3, '2022-12-04', '10:57:00', 'in', '2022-12-23 09:31:09', '2022-12-23 09:31:09'),
(217, 14, 3, '2022-12-04', '20:22:29', 'out', '2022-12-23 09:31:09', '2022-12-23 09:31:09'),
(218, 68, 2, '2022-12-04', '06:01:38', 'in', '2022-12-23 09:31:09', '2022-12-23 09:31:09'),
(219, 68, 2, '2022-12-04', '15:37:15', 'out', '2022-12-23 09:31:09', '2022-12-23 09:31:09'),
(220, 7, 4, '2022-12-04', '07:44:00', 'in', '2022-12-23 09:31:09', '2022-12-23 09:31:09'),
(221, 7, 4, '2022-12-04', '15:20:23', 'out', '2022-12-23 09:31:09', '2022-12-23 09:31:09'),
(222, 51, 2, '2022-12-04', '07:39:13', 'in', '2022-12-23 09:31:09', '2022-12-23 09:31:09'),
(223, 66, 3, '2022-12-04', '10:14:20', 'in', '2022-12-23 09:31:09', '2022-12-23 09:31:09'),
(224, 66, 3, '2022-12-04', '18:30:43', 'out', '2022-12-23 09:31:09', '2022-12-23 09:31:09'),
(225, 20, 5, '2022-12-04', '10:37:28', 'in', '2022-12-23 09:31:09', '2022-12-23 09:31:09'),
(226, 20, 5, '2022-12-04', '16:45:44', 'out', '2022-12-23 09:31:09', '2022-12-23 09:31:09'),
(227, 62, 3, '2022-12-04', '09:49:15', 'in', '2022-12-23 09:31:09', '2022-12-23 09:31:09'),
(228, 62, 3, '2022-12-04', '16:26:45', 'out', '2022-12-23 09:31:09', '2022-12-23 09:31:09'),
(229, 26, 2, '2022-12-04', '10:22:52', 'in', '2022-12-23 09:31:09', '2022-12-23 09:31:09'),
(230, 26, 2, '2022-12-04', '17:45:46', 'out', '2022-12-23 09:31:09', '2022-12-23 09:31:09'),
(231, 45, 4, '2022-12-04', '08:45:10', 'in', '2022-12-23 09:31:09', '2022-12-23 09:31:09'),
(232, 45, 4, '2022-12-04', '18:29:35', 'out', '2022-12-23 09:31:09', '2022-12-23 09:31:09'),
(233, 63, 1, '2022-12-04', '07:53:48', 'in', '2022-12-23 09:31:09', '2022-12-23 09:31:09'),
(234, 11, 3, '2022-12-04', '09:40:59', 'in', '2022-12-23 09:31:09', '2022-12-23 09:31:09'),
(235, 11, 3, '2022-12-04', '20:25:56', 'out', '2022-12-23 09:31:09', '2022-12-23 09:31:09'),
(236, 39, 3, '2022-12-04', '08:45:48', 'in', '2022-12-23 09:31:09', '2022-12-23 09:31:09'),
(237, 39, 3, '2022-12-04', '15:18:06', 'out', '2022-12-23 09:31:09', '2022-12-23 09:31:09'),
(238, 61, 3, '2022-12-04', '09:18:26', 'in', '2022-12-23 09:31:09', '2022-12-23 09:31:09'),
(239, 61, 3, '2022-12-04', '17:53:39', 'out', '2022-12-23 09:31:09', '2022-12-23 09:31:09'),
(242, 19, 4, '2022-12-04', '06:05:07', 'in', '2022-12-23 09:31:09', '2022-12-23 09:31:09'),
(243, 19, 4, '2022-12-04', '20:56:54', 'out', '2022-12-23 09:31:09', '2022-12-23 09:31:09'),
(244, 64, 1, '2022-12-04', '08:30:02', 'in', '2022-12-23 09:31:09', '2022-12-23 09:31:09'),
(245, 64, 1, '2022-12-04', '15:39:38', 'out', '2022-12-23 09:31:09', '2022-12-23 09:31:09'),
(246, 21, 3, '2022-12-04', '09:19:02', 'in', '2022-12-23 09:31:09', '2022-12-23 09:31:09'),
(249, 17, 5, '2022-12-04', '06:30:23', 'in', '2022-12-23 09:31:09', '2022-12-23 09:31:09'),
(250, 17, 5, '2022-12-04', '18:50:09', 'out', '2022-12-23 09:31:09', '2022-12-23 09:31:09'),
(253, 41, 5, '2022-12-04', '10:10:49', 'in', '2022-12-23 09:31:09', '2022-12-23 09:31:09'),
(254, 41, 5, '2022-12-04', '15:27:19', 'out', '2022-12-23 09:31:09', '2022-12-23 09:31:09'),
(255, 28, 5, '2022-12-04', '10:35:39', 'in', '2022-12-23 09:31:09', '2022-12-23 09:31:09'),
(256, 28, 5, '2022-12-04', '16:13:11', 'out', '2022-12-23 09:31:09', '2022-12-23 09:31:09'),
(257, 35, 2, '2022-12-05', '08:11:02', 'in', '2022-12-23 09:31:09', '2022-12-23 09:31:09'),
(258, 35, 2, '2022-12-05', '18:47:11', 'out', '2022-12-23 09:31:09', '2022-12-23 09:31:09'),
(259, 49, 4, '2022-12-05', '08:21:37', 'in', '2022-12-23 09:31:09', '2022-12-23 09:31:09'),
(260, 49, 4, '2022-12-05', '20:29:09', 'out', '2022-12-23 09:31:09', '2022-12-23 09:31:09'),
(261, 34, 4, '2022-12-05', '07:42:42', 'in', '2022-12-23 09:31:09', '2022-12-23 09:31:09'),
(262, 34, 4, '2022-12-05', '20:32:23', 'out', '2022-12-23 09:31:09', '2022-12-23 09:31:09'),
(263, 9, 3, '2022-12-05', '07:32:44', 'in', '2022-12-23 09:31:09', '2022-12-23 09:31:09'),
(264, 9, 3, '2022-12-05', '17:33:04', 'out', '2022-12-23 09:31:09', '2022-12-23 09:31:09'),
(265, 58, 5, '2022-12-05', '10:16:34', 'in', '2022-12-23 09:31:09', '2022-12-23 09:31:09'),
(266, 58, 5, '2022-12-05', '20:24:12', 'out', '2022-12-23 09:31:09', '2022-12-23 09:31:09'),
(267, 22, 4, '2022-12-05', '08:04:59', 'in', '2022-12-23 09:31:09', '2022-12-23 09:31:09'),
(268, 22, 4, '2022-12-05', '15:01:16', 'out', '2022-12-23 09:31:09', '2022-12-23 09:31:09'),
(269, 52, 5, '2022-12-05', '08:24:07', 'in', '2022-12-23 09:31:09', '2022-12-23 09:31:09'),
(270, 24, 3, '2022-12-05', '08:23:50', 'in', '2022-12-23 09:31:09', '2022-12-23 09:31:09'),
(271, 24, 3, '2022-12-05', '19:07:17', 'out', '2022-12-23 09:31:09', '2022-12-23 09:31:09'),
(272, 36, 4, '2022-12-05', '06:35:11', 'in', '2022-12-23 09:31:09', '2022-12-23 09:31:09'),
(273, 36, 4, '2022-12-05', '15:39:41', 'out', '2022-12-23 09:31:09', '2022-12-23 09:31:09'),
(274, 4, 2, '2022-12-05', '06:34:07', 'in', '2022-12-23 09:31:09', '2022-12-23 09:31:09'),
(275, 4, 2, '2022-12-05', '15:05:16', 'out', '2022-12-23 09:31:09', '2022-12-23 09:31:09'),
(278, 40, 3, '2022-12-05', '06:44:21', 'in', '2022-12-23 09:31:09', '2022-12-23 09:31:09'),
(279, 40, 3, '2022-12-05', '17:41:22', 'out', '2022-12-23 09:31:09', '2022-12-23 09:31:09'),
(280, 38, 2, '2022-12-05', '06:39:40', 'in', '2022-12-23 09:31:09', '2022-12-23 09:31:09'),
(281, 55, 2, '2022-12-05', '10:01:33', 'in', '2022-12-23 09:31:09', '2022-12-23 09:31:09'),
(282, 55, 2, '2022-12-05', '15:37:00', 'out', '2022-12-23 09:31:09', '2022-12-23 09:31:09'),
(283, 29, 3, '2022-12-05', '06:01:17', 'in', '2022-12-23 09:31:09', '2022-12-23 09:31:09'),
(284, 29, 3, '2022-12-05', '17:24:03', 'out', '2022-12-23 09:31:09', '2022-12-23 09:31:09'),
(285, 27, 4, '2022-12-05', '07:57:22', 'in', '2022-12-23 09:31:09', '2022-12-23 09:31:09'),
(286, 27, 4, '2022-12-05', '19:43:59', 'out', '2022-12-23 09:31:09', '2022-12-23 09:31:09'),
(287, 2, 4, '2022-12-05', '10:10:02', 'in', '2022-12-23 09:31:09', '2022-12-23 09:31:09'),
(288, 2, 4, '2022-12-05', '15:49:40', 'out', '2022-12-23 09:31:09', '2022-12-23 09:31:09'),
(289, 8, 4, '2022-12-05', '10:45:16', 'in', '2022-12-23 09:31:09', '2022-12-23 09:31:09'),
(290, 8, 4, '2022-12-05', '19:27:33', 'out', '2022-12-23 09:31:09', '2022-12-23 09:31:09'),
(291, 48, 3, '2022-12-05', '09:14:33', 'in', '2022-12-23 09:31:09', '2022-12-23 09:31:09'),
(292, 48, 3, '2022-12-05', '19:29:56', 'out', '2022-12-23 09:31:09', '2022-12-23 09:31:09'),
(293, 23, 1, '2022-12-05', '08:32:49', 'in', '2022-12-23 09:31:09', '2022-12-23 09:31:09'),
(294, 23, 1, '2022-12-05', '15:18:55', 'out', '2022-12-23 09:31:09', '2022-12-23 09:31:09'),
(295, 3, 2, '2022-12-05', '09:27:37', 'in', '2022-12-23 09:31:09', '2022-12-23 09:31:09'),
(296, 3, 2, '2022-12-05', '17:59:42', 'out', '2022-12-23 09:31:09', '2022-12-23 09:31:09'),
(297, 50, 3, '2022-12-05', '07:30:02', 'in', '2022-12-23 09:31:09', '2022-12-23 09:31:09'),
(298, 50, 3, '2022-12-05', '19:39:36', 'out', '2022-12-23 09:31:09', '2022-12-23 09:31:09'),
(299, 67, 2, '2022-12-05', '08:22:37', 'in', '2022-12-23 09:31:09', '2022-12-23 09:31:09'),
(300, 67, 2, '2022-12-05', '16:56:45', 'out', '2022-12-23 09:31:09', '2022-12-23 09:31:09'),
(301, 57, 2, '2022-12-05', '06:30:12', 'in', '2022-12-23 09:31:09', '2022-12-23 09:31:09'),
(302, 57, 2, '2022-12-05', '20:53:56', 'out', '2022-12-23 09:31:09', '2022-12-23 09:31:09'),
(303, 5, 3, '2022-12-05', '06:36:40', 'in', '2022-12-23 09:31:09', '2022-12-23 09:31:09'),
(304, 5, 3, '2022-12-05', '17:28:46', 'out', '2022-12-23 09:31:09', '2022-12-23 09:31:09'),
(305, 56, 5, '2022-12-05', '10:12:26', 'in', '2022-12-23 09:31:09', '2022-12-23 09:31:09'),
(306, 56, 5, '2022-12-05', '18:14:05', 'out', '2022-12-23 09:31:09', '2022-12-23 09:31:09'),
(307, 54, 5, '2022-12-05', '06:54:05', 'in', '2022-12-23 09:31:09', '2022-12-23 09:31:09'),
(308, 54, 5, '2022-12-05', '16:48:18', 'out', '2022-12-23 09:31:09', '2022-12-23 09:31:09'),
(309, 18, 1, '2022-12-05', '07:11:14', 'in', '2022-12-23 09:31:09', '2022-12-23 09:31:09'),
(310, 18, 1, '2022-12-05', '19:43:29', 'out', '2022-12-23 09:31:09', '2022-12-23 09:31:09'),
(311, 1, 5, '2022-12-05', '07:23:32', 'in', '2022-12-23 09:31:09', '2022-12-23 09:31:09'),
(312, 1, 5, '2022-12-05', '15:16:25', 'out', '2022-12-23 09:31:09', '2022-12-23 09:31:09'),
(313, 10, 5, '2022-12-05', '06:33:41', 'in', '2022-12-23 09:31:09', '2022-12-23 09:31:09'),
(314, 10, 5, '2022-12-05', '17:14:31', 'out', '2022-12-23 09:31:09', '2022-12-23 09:31:09'),
(315, 6, 1, '2022-12-05', '09:03:18', 'in', '2022-12-23 09:31:09', '2022-12-23 09:31:09'),
(316, 6, 1, '2022-12-05', '16:02:39', 'out', '2022-12-23 09:31:09', '2022-12-23 09:31:09'),
(319, 44, 3, '2022-12-05', '06:10:26', 'in', '2022-12-23 09:31:09', '2022-12-23 09:31:09'),
(320, 44, 3, '2022-12-05', '17:48:11', 'out', '2022-12-23 09:31:09', '2022-12-23 09:31:09'),
(323, 32, 2, '2022-12-05', '06:52:25', 'in', '2022-12-23 09:31:09', '2022-12-23 09:31:09'),
(324, 32, 2, '2022-12-05', '18:29:49', 'out', '2022-12-23 09:31:09', '2022-12-23 09:31:09'),
(327, 13, 3, '2022-12-05', '09:18:01', 'in', '2022-12-23 09:31:09', '2022-12-23 09:31:09'),
(328, 13, 3, '2022-12-05', '20:00:34', 'out', '2022-12-23 09:31:09', '2022-12-23 09:31:09'),
(329, 47, 4, '2022-12-05', '08:55:24', 'in', '2022-12-23 09:31:09', '2022-12-23 09:31:09'),
(330, 60, 2, '2022-12-05', '09:12:20', 'in', '2022-12-23 09:31:09', '2022-12-23 09:31:09'),
(331, 60, 2, '2022-12-05', '16:16:11', 'out', '2022-12-23 09:31:09', '2022-12-23 09:31:09'),
(332, 12, 2, '2022-12-05', '08:48:33', 'in', '2022-12-23 09:31:09', '2022-12-23 09:31:09'),
(333, 12, 2, '2022-12-05', '19:08:53', 'out', '2022-12-23 09:31:09', '2022-12-23 09:31:09'),
(334, 37, 3, '2022-12-05', '10:18:10', 'in', '2022-12-23 09:31:09', '2022-12-23 09:31:09'),
(335, 37, 3, '2022-12-05', '20:16:46', 'out', '2022-12-23 09:31:09', '2022-12-23 09:31:09'),
(336, 65, 4, '2022-12-05', '08:06:00', 'in', '2022-12-23 09:31:09', '2022-12-23 09:31:09'),
(337, 65, 4, '2022-12-05', '20:00:42', 'out', '2022-12-23 09:31:09', '2022-12-23 09:31:09'),
(338, 59, 3, '2022-12-05', '08:42:27', 'in', '2022-12-23 09:31:09', '2022-12-23 09:31:09'),
(339, 59, 3, '2022-12-05', '19:20:42', 'out', '2022-12-23 09:31:09', '2022-12-23 09:31:09'),
(340, 30, 4, '2022-12-05', '09:44:19', 'in', '2022-12-23 09:31:09', '2022-12-23 09:31:09'),
(341, 30, 4, '2022-12-05', '18:16:14', 'out', '2022-12-23 09:31:09', '2022-12-23 09:31:09'),
(344, 69, 3, '2022-12-05', '08:12:33', 'in', '2022-12-23 09:31:09', '2022-12-23 09:31:09'),
(345, 69, 3, '2022-12-05', '18:04:40', 'out', '2022-12-23 09:31:09', '2022-12-23 09:31:09'),
(346, 42, 4, '2022-12-05', '08:41:52', 'in', '2022-12-23 09:31:09', '2022-12-23 09:31:09'),
(347, 42, 4, '2022-12-05', '20:14:54', 'out', '2022-12-23 09:31:09', '2022-12-23 09:31:09'),
(349, 14, 1, '2022-12-05', '09:36:15', 'in', '2022-12-23 09:31:10', '2022-12-23 09:31:10'),
(350, 68, 4, '2022-12-05', '06:11:37', 'in', '2022-12-23 09:31:10', '2022-12-23 09:31:10'),
(351, 68, 4, '2022-12-05', '16:42:25', 'out', '2022-12-23 09:31:10', '2022-12-23 09:31:10'),
(352, 7, 5, '2022-12-05', '10:17:01', 'in', '2022-12-23 09:31:10', '2022-12-23 09:31:10'),
(353, 7, 5, '2022-12-05', '16:01:06', 'out', '2022-12-23 09:31:10', '2022-12-23 09:31:10'),
(354, 51, 5, '2022-12-05', '10:35:21', 'in', '2022-12-23 09:31:10', '2022-12-23 09:31:10'),
(355, 51, 5, '2022-12-05', '20:57:24', 'out', '2022-12-23 09:31:10', '2022-12-23 09:31:10'),
(356, 66, 2, '2022-12-05', '07:00:23', 'in', '2022-12-23 09:31:10', '2022-12-23 09:31:10'),
(357, 66, 2, '2022-12-05', '16:48:08', 'out', '2022-12-23 09:31:10', '2022-12-23 09:31:10'),
(358, 20, 4, '2022-12-05', '09:21:28', 'in', '2022-12-23 09:31:10', '2022-12-23 09:31:10'),
(359, 62, 1, '2022-12-05', '06:21:44', 'in', '2022-12-23 09:31:10', '2022-12-23 09:31:10'),
(360, 62, 1, '2022-12-05', '19:12:54', 'out', '2022-12-23 09:31:10', '2022-12-23 09:31:10'),
(361, 26, 3, '2022-12-05', '06:59:13', 'in', '2022-12-23 09:31:10', '2022-12-23 09:31:10'),
(362, 26, 3, '2022-12-05', '16:33:48', 'out', '2022-12-23 09:31:10', '2022-12-23 09:31:10'),
(363, 45, 3, '2022-12-05', '08:10:38', 'in', '2022-12-23 09:31:10', '2022-12-23 09:31:10'),
(364, 63, 3, '2022-12-05', '09:39:25', 'in', '2022-12-23 09:31:10', '2022-12-23 09:31:10'),
(365, 11, 3, '2022-12-05', '09:28:00', 'in', '2022-12-23 09:31:10', '2022-12-23 09:31:10'),
(366, 11, 3, '2022-12-05', '17:59:03', 'out', '2022-12-23 09:31:10', '2022-12-23 09:31:10'),
(367, 39, 4, '2022-12-05', '09:22:15', 'in', '2022-12-23 09:31:10', '2022-12-23 09:31:10'),
(368, 39, 4, '2022-12-05', '15:56:25', 'out', '2022-12-23 09:31:10', '2022-12-23 09:31:10'),
(369, 61, 3, '2022-12-05', '08:56:13', 'in', '2022-12-23 09:31:10', '2022-12-23 09:31:10'),
(370, 61, 3, '2022-12-05', '16:46:08', 'out', '2022-12-23 09:31:10', '2022-12-23 09:31:10'),
(373, 19, 4, '2022-12-05', '06:01:34', 'in', '2022-12-23 09:31:10', '2022-12-23 09:31:10'),
(374, 19, 4, '2022-12-05', '15:56:58', 'out', '2022-12-23 09:31:10', '2022-12-23 09:31:10'),
(375, 64, 3, '2022-12-05', '07:54:03', 'in', '2022-12-23 09:31:10', '2022-12-23 09:31:10'),
(376, 64, 3, '2022-12-05', '15:04:07', 'out', '2022-12-23 09:31:10', '2022-12-23 09:31:10'),
(377, 21, 2, '2022-12-05', '07:33:14', 'in', '2022-12-23 09:31:10', '2022-12-23 09:31:10'),
(378, 21, 2, '2022-12-05', '20:52:37', 'out', '2022-12-23 09:31:10', '2022-12-23 09:31:10'),
(381, 17, 1, '2022-12-05', '07:38:04', 'in', '2022-12-23 09:31:10', '2022-12-23 09:31:10'),
(382, 17, 1, '2022-12-05', '17:21:41', 'out', '2022-12-23 09:31:10', '2022-12-23 09:31:10'),
(385, 41, 5, '2022-12-05', '06:23:34', 'in', '2022-12-23 09:31:10', '2022-12-23 09:31:10'),
(386, 41, 5, '2022-12-05', '19:19:35', 'out', '2022-12-23 09:31:10', '2022-12-23 09:31:10'),
(387, 28, 1, '2022-12-05', '06:36:27', 'in', '2022-12-23 09:31:10', '2022-12-23 09:31:10'),
(388, 28, 1, '2022-12-05', '16:47:37', 'out', '2022-12-23 09:31:10', '2022-12-23 09:31:10'),
(389, 35, 4, '2022-12-06', '09:06:00', 'in', '2022-12-23 09:31:10', '2022-12-23 09:31:10'),
(390, 35, 4, '2022-12-06', '16:31:31', 'out', '2022-12-23 09:31:10', '2022-12-23 09:31:10'),
(391, 49, 3, '2022-12-06', '06:18:51', 'in', '2022-12-23 09:31:10', '2022-12-23 09:31:10'),
(392, 49, 3, '2022-12-06', '20:20:41', 'out', '2022-12-23 09:31:10', '2022-12-23 09:31:10'),
(393, 34, 5, '2022-12-06', '08:08:04', 'in', '2022-12-23 09:31:10', '2022-12-23 09:31:10'),
(394, 34, 5, '2022-12-06', '20:13:37', 'out', '2022-12-23 09:31:10', '2022-12-23 09:31:10'),
(395, 9, 1, '2022-12-06', '08:06:36', 'in', '2022-12-23 09:31:10', '2022-12-23 09:31:10'),
(396, 9, 1, '2022-12-06', '15:36:54', 'out', '2022-12-23 09:31:10', '2022-12-23 09:31:10'),
(397, 58, 1, '2022-12-06', '07:57:53', 'in', '2022-12-23 09:31:10', '2022-12-23 09:31:10'),
(398, 58, 1, '2022-12-06', '16:50:05', 'out', '2022-12-23 09:31:10', '2022-12-23 09:31:10'),
(399, 22, 1, '2022-12-06', '06:49:48', 'in', '2022-12-23 09:31:10', '2022-12-23 09:31:10'),
(400, 22, 1, '2022-12-06', '19:42:01', 'out', '2022-12-23 09:31:10', '2022-12-23 09:31:10'),
(401, 52, 3, '2022-12-06', '06:57:58', 'in', '2022-12-23 09:31:10', '2022-12-23 09:31:10'),
(402, 52, 3, '2022-12-06', '16:04:33', 'out', '2022-12-23 09:31:10', '2022-12-23 09:31:10'),
(403, 24, 3, '2022-12-06', '09:46:58', 'in', '2022-12-23 09:31:10', '2022-12-23 09:31:10'),
(404, 24, 3, '2022-12-06', '16:28:34', 'out', '2022-12-23 09:31:10', '2022-12-23 09:31:10'),
(405, 36, 3, '2022-12-06', '09:40:36', 'in', '2022-12-23 09:31:10', '2022-12-23 09:31:10'),
(406, 4, 5, '2022-12-06', '09:42:40', 'in', '2022-12-23 09:31:10', '2022-12-23 09:31:10'),
(407, 4, 5, '2022-12-06', '20:39:59', 'out', '2022-12-23 09:31:10', '2022-12-23 09:31:10'),
(410, 40, 4, '2022-12-06', '06:24:47', 'in', '2022-12-23 09:31:10', '2022-12-23 09:31:10'),
(411, 40, 4, '2022-12-06', '15:45:21', 'out', '2022-12-23 09:31:10', '2022-12-23 09:31:10'),
(412, 38, 4, '2022-12-06', '10:23:11', 'in', '2022-12-23 09:31:10', '2022-12-23 09:31:10'),
(413, 55, 5, '2022-12-06', '07:30:45', 'in', '2022-12-23 09:31:10', '2022-12-23 09:31:10'),
(414, 29, 3, '2022-12-06', '09:21:56', 'in', '2022-12-23 09:31:10', '2022-12-23 09:31:10'),
(415, 29, 3, '2022-12-06', '16:20:56', 'out', '2022-12-23 09:31:10', '2022-12-23 09:31:10'),
(416, 27, 2, '2022-12-06', '09:16:53', 'in', '2022-12-23 09:31:10', '2022-12-23 09:31:10'),
(417, 27, 2, '2022-12-06', '15:28:46', 'out', '2022-12-23 09:31:10', '2022-12-23 09:31:10'),
(418, 2, 2, '2022-12-06', '08:15:16', 'in', '2022-12-23 09:31:10', '2022-12-23 09:31:10'),
(419, 2, 2, '2022-12-06', '19:13:21', 'out', '2022-12-23 09:31:10', '2022-12-23 09:31:10'),
(420, 8, 2, '2022-12-06', '06:27:48', 'in', '2022-12-23 09:31:10', '2022-12-23 09:31:10'),
(421, 8, 2, '2022-12-06', '17:00:04', 'out', '2022-12-23 09:31:10', '2022-12-23 09:31:10'),
(422, 48, 2, '2022-12-06', '07:34:38', 'in', '2022-12-23 09:31:10', '2022-12-23 09:31:10'),
(423, 48, 2, '2022-12-06', '17:17:55', 'out', '2022-12-23 09:31:10', '2022-12-23 09:31:10'),
(424, 23, 4, '2022-12-06', '08:15:23', 'in', '2022-12-23 09:31:10', '2022-12-23 09:31:10'),
(425, 23, 4, '2022-12-06', '16:55:43', 'out', '2022-12-23 09:31:10', '2022-12-23 09:31:10'),
(426, 3, 5, '2022-12-06', '06:13:30', 'in', '2022-12-23 09:31:10', '2022-12-23 09:31:10'),
(427, 3, 5, '2022-12-06', '19:36:09', 'out', '2022-12-23 09:31:10', '2022-12-23 09:31:10'),
(428, 50, 3, '2022-12-06', '08:12:52', 'in', '2022-12-23 09:31:10', '2022-12-23 09:31:10'),
(429, 50, 3, '2022-12-06', '19:58:50', 'out', '2022-12-23 09:31:10', '2022-12-23 09:31:10'),
(430, 67, 5, '2022-12-06', '08:26:49', 'in', '2022-12-23 09:31:10', '2022-12-23 09:31:10'),
(431, 67, 5, '2022-12-06', '20:57:09', 'out', '2022-12-23 09:31:10', '2022-12-23 09:31:10'),
(432, 57, 5, '2022-12-06', '06:21:02', 'in', '2022-12-23 09:31:10', '2022-12-23 09:31:10'),
(433, 57, 5, '2022-12-06', '15:07:51', 'out', '2022-12-23 09:31:10', '2022-12-23 09:31:10'),
(434, 5, 2, '2022-12-06', '06:01:21', 'in', '2022-12-23 09:31:10', '2022-12-23 09:31:10'),
(435, 5, 2, '2022-12-06', '18:03:26', 'out', '2022-12-23 09:31:10', '2022-12-23 09:31:10'),
(436, 56, 3, '2022-12-06', '10:11:22', 'in', '2022-12-23 09:31:10', '2022-12-23 09:31:10'),
(437, 56, 3, '2022-12-06', '18:18:38', 'out', '2022-12-23 09:31:10', '2022-12-23 09:31:10'),
(438, 54, 3, '2022-12-06', '10:40:42', 'in', '2022-12-23 09:31:10', '2022-12-23 09:31:10'),
(439, 54, 3, '2022-12-06', '17:18:46', 'out', '2022-12-23 09:31:10', '2022-12-23 09:31:10'),
(440, 18, 4, '2022-12-06', '08:33:42', 'in', '2022-12-23 09:31:10', '2022-12-23 09:31:10'),
(441, 18, 4, '2022-12-06', '16:12:51', 'out', '2022-12-23 09:31:10', '2022-12-23 09:31:10'),
(442, 1, 2, '2022-12-06', '09:51:07', 'in', '2022-12-23 09:31:10', '2022-12-23 09:31:10'),
(443, 1, 2, '2022-12-06', '15:04:55', 'out', '2022-12-23 09:31:10', '2022-12-23 09:31:10'),
(444, 10, 5, '2022-12-06', '07:09:35', 'in', '2022-12-23 09:31:10', '2022-12-23 09:31:10'),
(445, 6, 3, '2022-12-06', '07:05:19', 'in', '2022-12-23 09:31:10', '2022-12-23 09:31:10'),
(446, 6, 3, '2022-12-06', '15:12:42', 'out', '2022-12-23 09:31:10', '2022-12-23 09:31:10'),
(448, 44, 2, '2022-12-06', '10:53:11', 'in', '2022-12-23 09:31:10', '2022-12-23 09:31:10'),
(449, 44, 2, '2022-12-06', '15:19:17', 'out', '2022-12-23 09:31:10', '2022-12-23 09:31:10');

--
-- Indexen voor geëxporteerde tabellen
--

--
-- Indexen voor tabel `buildings`
--
ALTER TABLE `buildings`
  ADD PRIMARY KEY (`id`);

--
-- Indexen voor tabel `persons`
--
ALTER TABLE `persons`
  ADD PRIMARY KEY (`id`);

--
-- Indexen voor tabel `scans`
--
ALTER TABLE `scans`
  ADD PRIMARY KEY (`id`),
  ADD KEY `scans_person_id_foreign` (`person_id`),
  ADD KEY `scans_building_id_foreign` (`building_id`);

--
-- AUTO_INCREMENT voor geëxporteerde tabellen
--

--
-- AUTO_INCREMENT voor een tabel `buildings`
--
ALTER TABLE `buildings`
  MODIFY `id` bigint(20) UNSIGNED NOT NULL AUTO_INCREMENT, AUTO_INCREMENT=7;

--
-- AUTO_INCREMENT voor een tabel `persons`
--
ALTER TABLE `persons`
  MODIFY `id` bigint(20) UNSIGNED NOT NULL AUTO_INCREMENT, AUTO_INCREMENT=70;

--
-- AUTO_INCREMENT voor een tabel `scans`
--
ALTER TABLE `scans`
  MODIFY `id` bigint(20) UNSIGNED NOT NULL AUTO_INCREMENT, AUTO_INCREMENT=1682;

--
-- Beperkingen voor geëxporteerde tabellen
--

--
-- Beperkingen voor tabel `scans`
--
ALTER TABLE `scans`
  ADD CONSTRAINT `scans_building_id_foreign` FOREIGN KEY (`building_id`) REFERENCES `buildings` (`id`),
  ADD CONSTRAINT `scans_person_id_foreign` FOREIGN KEY (`person_id`) REFERENCES `persons` (`id`);
COMMIT;

/*!40101 SET CHARACTER_SET_CLIENT=@OLD_CHARACTER_SET_CLIENT */;
/*!40101 SET CHARACTER_SET_RESULTS=@OLD_CHARACTER_SET_RESULTS */;
/*!40101 SET COLLATION_CONNECTION=@OLD_COLLATION_CONNECTION */;
